USE [lab9]
GO
-- COUNTRY
INSERT INTO dbo.country (code,name,continent_name) VALUES (4,'Afghanistan','Asia')
INSERT INTO dbo.country (code,name,continent_name) VALUES (8,'Albania','Europe')
INSERT INTO dbo.country (code,name,continent_name) VALUES (10,'Antarctica','Antarctica')
INSERT INTO dbo.country (code,name,continent_name) VALUES (12,'Algeria','Africa')
INSERT INTO dbo.country (code,name,continent_name) VALUES (16,'American Samoa','Oceania')
INSERT INTO dbo.country (code,name,continent_name) VALUES (20,'Andorra','Europe')
INSERT INTO dbo.country (code,name,continent_name) VALUES (24,'Angola','Africa')
INSERT INTO dbo.country (code,name,continent_name) VALUES (28,'Antigua','North America')
INSERT INTO dbo.country (code,name,continent_name) VALUES (31,'Azerbaijan','Europe')
INSERT INTO dbo.country (code,name,continent_name) VALUES (356,'India','Asia')
INSERT INTO dbo.country (code,name,continent_name) VALUES (32,'Argentina','South America')
INSERT INTO dbo.country (code,name,continent_name) VALUES (36,'Australia','Oceania')
INSERT INTO dbo.country (code,name,continent_name) VALUES (40,'Austria','Europe')
INSERT INTO dbo.country (code,name,continent_name) VALUES (44,'Bahamas','North America')
INSERT INTO dbo.country (code,name,continent_name) VALUES (48,'Behrain','Asia')
INSERT INTO dbo.country (code,name,continent_name) VALUES (50,'Bangladesh','Asia')
INSERT INTO dbo.country (code,name,continent_name) VALUES (51,'Armenia','Europe')
INSERT INTO dbo.country (code,name,continent_name) VALUES (586,'Pakistan','Asia')
INSERT INTO dbo.country (code,name,continent_name) VALUES (52,'Barbados','Asia')
INSERT INTO dbo.country (code,name,continent_name) VALUES (56,'Belgium','Europe')
GO

--- USER DETAILS
INSERT INTO dbo.User_details (id,full_name,email,gender,date_of_birth,country_code,created_at)
VALUES (1,'Ali Raza','aliraza@gmail.com','M','23/08/1999',4,'4/3/2022')
INSERT INTO dbo.User_details (id,full_name,email,gender,date_of_birth,country_code,created_at)
VALUES (2,'Ali Ahmad','aliahmad@gmail.com','M','23/08/1998',8,'4/3/2022')
INSERT INTO dbo.User_details (id,full_name,email,gender,date_of_birth,country_code,created_at)
VALUES (3,'Usman Saeed','usman@gmail.com','M','28/08/1994',16,'4/3/2022')
INSERT INTO dbo.User_details (id,full_name,email,gender,date_of_birth,country_code,created_at)
VALUES (4,'kiran saeed','aliraza@gmail.com','M','23/08/1999',356,'4/3/2022')
INSERT INTO dbo.User_details (id,full_name,email,gender,date_of_birth,country_code,created_at)
VALUES (5,'Iqra Asim','aliraza@gmail.com','M','23/08/1999',52,'4/3/2022')
INSERT INTO dbo.User_details (id,full_name,email,gender,date_of_birth,country_code,created_at)
VALUES (6,'Mubeen Saeed','aliraza@gmail.com','M','23/08/1999',586,'4/3/2022')
INSERT INTO dbo.User_details (id,full_name,email,gender,date_of_birth,country_code,created_at)
VALUES (7,'Nagina NAzish','aliraza@gmail.com','M','23/08/1999',24,'4/3/2022')
INSERT INTO dbo.User_details (id,full_name,email,gender,date_of_birth,country_code,created_at)
VALUES (8,'Ali Raza','aliraza@gmail.com','M','23/08/1999',28,'4/3/2022')
INSERT INTO dbo.User_details (id,full_name,email,gender,date_of_birth,country_code,created_at)
VALUES (9,'Ali Raza','aliraza@gmail.com','M','23/08/1999',52,'4/3/2022')
INSERT INTO dbo.User_details (id,full_name,email,gender,date_of_birth,country_code,created_at)
VALUES (10,'Ali Raza','aliraza@gmail.com','M','23/08/1999',586,'4/3/2022')
INSERT INTO dbo.User_details (id,full_name,email,gender,date_of_birth,country_code,created_at)
VALUES (11,'Ali Raza','aliraza@gmail.com','M','23/08/1999',48,'4/3/2022')
INSERT INTO dbo.User_details (id,full_name,email,gender,date_of_birth,country_code,created_at)
VALUES (12,'Ali Raza','aliraza@gmail.com','M','23/08/1999',44,'4/3/2022')
INSERT INTO dbo.User_details (id,full_name,email,gender,date_of_birth,country_code,created_at)
VALUES (13,'Ali Raza','aliraza@gmail.com','M','23/08/1999',40,'4/3/2022')
INSERT INTO dbo.User_details (id,full_name,email,gender,date_of_birth,country_code,created_at)
VALUES (14,'Ali Raza','aliraza@gmail.com','M','23/08/1999',16,'4/3/2022')
INSERT INTO dbo.User_details (id,full_name,email,gender,date_of_birth,country_code,created_at)
VALUES (15,'Ali Raza','aliraza@gmail.com','M','23/08/1999',8,'4/3/2022')
INSERT INTO dbo.User_details (id,full_name,email,gender,date_of_birth,country_code,created_at)
VALUES (16,'Ali Raza','aliraza@gmail.com','M','23/08/1999',52,'4/3/2022')
INSERT INTO dbo.User_details (id,full_name,email,gender,date_of_birth,country_code,created_at)
VALUES (17,'Ali Raza','aliraza@gmail.com','M','23/08/1999',51,'4/3/2022')
INSERT INTO dbo.User_details (id,full_name,email,gender,date_of_birth,country_code,created_at)
VALUES (18,'Ali Raza','aliraza@gmail.com','M','23/08/1999',50,'4/3/2022')
INSERT INTO dbo.User_details (id,full_name,email,gender,date_of_birth,country_code,created_at)
VALUES (19,'Ali Raza','aliraza@gmail.com','M','23/08/1999',16,'4/3/2022')
INSERT INTO dbo.User_details (id,full_name,email,gender,date_of_birth,country_code,created_at)
VALUES (20,'shuraim usman','shuraim@gmail.com','M','24/02/2002',356,'4/3/2022')

-- merchants
INSERT INTO dbo.merchants(id,merchant_name,admin_id,country_code,created_at)
VALUES (1,'Saba','4','4','4/3/2022')
INSERT INTO dbo.merchants(id,merchant_name,admin_id,country_code,created_at)
VALUES (2,'usman','1','8','4/3/2022')
INSERT INTO dbo.merchants(id,merchant_name,admin_id,country_code,created_at)
VALUES (3,'amna','2','52','4/3/2022')
INSERT INTO dbo.merchants(id,merchant_name,admin_id,country_code,created_at)
VALUES (4,'kiran','3','586','4/3/2022')
INSERT INTO dbo.merchants(id,merchant_name,admin_id,country_code,created_at)
VALUES (5,'mubeen','5','356','4/3/2022')

-- Product
INSERT INTO dbo.product (id,merchant_id,name,price,status,quantity,created_at)
VALUES (1,2,'Lays',50,'A',100,'4/3/2022')
INSERT INTO dbo.product (id,merchant_id,name,price,status,quantity,created_at)
VALUES (2,3,'Wavy',100,'A',150,'4/3/2022')
INSERT INTO dbo.product (id,merchant_id,name,price,status,quantity,created_at)
VALUES (3,1,'Biscuits',20,'A',100,'4/3/2022')
INSERT INTO dbo.product (id,merchant_id,name,price,status,quantity,created_at)
VALUES (4,5,'Juice',150,'A',100,'4/3/2022')
INSERT INTO dbo.product (id,merchant_id,name,price,status,quantity,created_at)
VALUES (5,4,'Cake',200,'A',100,'4/3/2022')

-- Orders
INSERT INTO dbo.Orders(id,user_id,status,created_at)
VALUES (1,5,'A','4/3/2022')
INSERT INTO dbo.Orders(id,user_id,status,created_at)
VALUES (2,1,'A','4/3/2022')
INSERT INTO dbo.Orders(id,user_id,status,created_at)
VALUES (3,2,'A','4/3/2022')
INSERT INTO dbo.Orders(id,user_id,status,created_at)
VALUES (4,4,'A','4/3/2022')
INSERT INTO dbo.Orders(id,user_id,status,created_at)
VALUES (5,3,'A','4/3/2022')

-- Order_item
INSERT INTO dbo.order_item (order_id,product_id,quantity)
VALUES (1,1,50)
INSERT INTO dbo.order_item (order_id,product_id,quantity)
VALUES (2,5,60)
INSERT INTO dbo.order_item (order_id,product_id,quantity)
VALUES (3,2,70)
INSERT INTO dbo.order_item (order_id,product_id,quantity)
VALUES (4,3,80)
INSERT INTO dbo.order_item (order_id,product_id,quantity)
VALUES (5,4,90)